plate_id,well,row,column,sample_id,well_role,treatment,dose,dose_unit,replicate
plate_01,A01,A,1,negative_control_01,negative_control,vehicle,,,1
plate_01,A02,A,2,negative_control_02,negative_control,vehicle,,,2
plate_01,A03,A,3,negative_control_03,negative_control,vehicle,,,3
plate_01,A04,A,4,negative_control_04,negative_control,vehicle,,,4
plate_01,A05,A,5,negative_control_05,negative_control,vehicle,,,5
plate_01,A06,A,6,negative_control_06,negative_control,vehicle,,,6
plate_01,A07,A,7,negative_control_07,negative_control,vehicle,,,7
plate_01,A08,A,8,negative_control_08,negative_control,vehicle,,,8
plate_01,A09,A,9,positive_control_01,positive_control,positive_control,,,1
plate_01,A10,A,10,positive_control_02,positive_control,positive_control,,,2
plate_01,A11,A,11,positive_control_03,positive_control,positive_control,,,3
plate_01,A12,A,12,positive_control_04,positive_control,positive_control,,,4
plate_01,B01,B,1,positive_control_05,positive_control,positive_control,,,5
plate_01,B02,B,2,positive_control_06,positive_control,positive_control,,,6
plate_01,B03,B,3,positive_control_07,positive_control,positive_control,,,7
plate_01,B04,B,4,positive_control_08,positive_control,positive_control,,,8
plate_01,B05,B,5,reference_treatment_0.003uM_rep01,treatment,reference_treatment,0.003,uM,1
plate_01,B06,B,6,reference_treatment_0.003uM_rep02,treatment,reference_treatment,0.003,uM,2
plate_01,B07,B,7,reference_treatment_0.003uM_rep03,treatment,reference_treatment,0.003,uM,3
plate_01,B08,B,8,reference_treatment_0.003uM_rep04,treatment,reference_treatment,0.003,uM,4
plate_01,B09,B,9,reference_treatment_0.003uM_rep05,treatment,reference_treatment,0.003,uM,5
plate_01,B10,B,10,reference_treatment_0.01uM_rep01,treatment,reference_treatment,0.01,uM,1
plate_01,B11,B,11,reference_treatment_0.01uM_rep02,treatment,reference_treatment,0.01,uM,2
plate_01,B12,B,12,reference_treatment_0.01uM_rep03,treatment,reference_treatment,0.01,uM,3
plate_01,C01,C,1,reference_treatment_0.01uM_rep04,treatment,reference_treatment,0.01,uM,4
plate_01,C02,C,2,reference_treatment_0.01uM_rep05,treatment,reference_treatment,0.01,uM,5
plate_01,C03,C,3,reference_treatment_0.03uM_rep01,treatment,reference_treatment,0.03,uM,1
plate_01,C04,C,4,reference_treatment_0.03uM_rep02,treatment,reference_treatment,0.03,uM,2
plate_01,C05,C,5,reference_treatment_0.03uM_rep03,treatment,reference_treatment,0.03,uM,3
plate_01,C06,C,6,reference_treatment_0.03uM_rep04,treatment,reference_treatment,0.03,uM,4
plate_01,C07,C,7,reference_treatment_0.03uM_rep05,treatment,reference_treatment,0.03,uM,5
plate_01,C08,C,8,reference_treatment_0.1uM_rep01,treatment,reference_treatment,0.1,uM,1
plate_01,C09,C,9,reference_treatment_0.1uM_rep02,treatment,reference_treatment,0.1,uM,2
plate_01,C10,C,10,reference_treatment_0.1uM_rep03,treatment,reference_treatment,0.1,uM,3
plate_01,C11,C,11,reference_treatment_0.1uM_rep04,treatment,reference_treatment,0.1,uM,4
plate_01,C12,C,12,reference_treatment_0.1uM_rep05,treatment,reference_treatment,0.1,uM,5
plate_01,D01,D,1,reference_treatment_0.3uM_rep01,treatment,reference_treatment,0.3,uM,1
plate_01,D02,D,2,reference_treatment_0.3uM_rep02,treatment,reference_treatment,0.3,uM,2
plate_01,D03,D,3,reference_treatment_0.3uM_rep03,treatment,reference_treatment,0.3,uM,3
plate_01,D04,D,4,reference_treatment_0.3uM_rep04,treatment,reference_treatment,0.3,uM,4
plate_01,D05,D,5,reference_treatment_0.3uM_rep05,treatment,reference_treatment,0.3,uM,5
plate_01,D06,D,6,reference_treatment_1uM_rep01,treatment,reference_treatment,1,uM,1
plate_01,D07,D,7,reference_treatment_1uM_rep02,treatment,reference_treatment,1,uM,2
plate_01,D08,D,8,reference_treatment_1uM_rep03,treatment,reference_treatment,1,uM,3
plate_01,D09,D,9,reference_treatment_1uM_rep04,treatment,reference_treatment,1,uM,4
plate_01,D10,D,10,reference_treatment_1uM_rep05,treatment,reference_treatment,1,uM,5
plate_01,D11,D,11,reference_treatment_3uM_rep01,treatment,reference_treatment,3,uM,1
plate_01,D12,D,12,reference_treatment_3uM_rep02,treatment,reference_treatment,3,uM,2
plate_01,E01,E,1,reference_treatment_3uM_rep03,treatment,reference_treatment,3,uM,3
plate_01,E02,E,2,reference_treatment_3uM_rep04,treatment,reference_treatment,3,uM,4
plate_01,E03,E,3,reference_treatment_3uM_rep05,treatment,reference_treatment,3,uM,5
plate_01,E04,E,4,reference_treatment_10uM_rep01,treatment,reference_treatment,10,uM,1
plate_01,E05,E,5,reference_treatment_10uM_rep02,treatment,reference_treatment,10,uM,2
plate_01,E06,E,6,reference_treatment_10uM_rep03,treatment,reference_treatment,10,uM,3
plate_01,E07,E,7,reference_treatment_10uM_rep04,treatment,reference_treatment,10,uM,4
plate_01,E08,E,8,reference_treatment_10uM_rep05,treatment,reference_treatment,10,uM,5
plate_01,E09,E,9,test_treatment_0.003uM_rep01,treatment,test_treatment,0.003,uM,1
plate_01,E10,E,10,test_treatment_0.003uM_rep02,treatment,test_treatment,0.003,uM,2
plate_01,E11,E,11,test_treatment_0.003uM_rep03,treatment,test_treatment,0.003,uM,3
plate_01,E12,E,12,test_treatment_0.003uM_rep04,treatment,test_treatment,0.003,uM,4
plate_01,F01,F,1,test_treatment_0.003uM_rep05,treatment,test_treatment,0.003,uM,5
plate_01,F02,F,2,test_treatment_0.01uM_rep01,treatment,test_treatment,0.01,uM,1
plate_01,F03,F,3,test_treatment_0.01uM_rep02,treatment,test_treatment,0.01,uM,2
plate_01,F04,F,4,test_treatment_0.01uM_rep03,treatment,test_treatment,0.01,uM,3
plate_01,F05,F,5,test_treatment_0.01uM_rep04,treatment,test_treatment,0.01,uM,4
plate_01,F06,F,6,test_treatment_0.01uM_rep05,treatment,test_treatment,0.01,uM,5
plate_01,F07,F,7,test_treatment_0.03uM_rep01,treatment,test_treatment,0.03,uM,1
plate_01,F08,F,8,test_treatment_0.03uM_rep02,treatment,test_treatment,0.03,uM,2
plate_01,F09,F,9,test_treatment_0.03uM_rep03,treatment,test_treatment,0.03,uM,3
plate_01,F10,F,10,test_treatment_0.03uM_rep04,treatment,test_treatment,0.03,uM,4
plate_01,F11,F,11,test_treatment_0.03uM_rep05,treatment,test_treatment,0.03,uM,5
plate_01,F12,F,12,test_treatment_0.1uM_rep01,treatment,test_treatment,0.1,uM,1
plate_01,G01,G,1,test_treatment_0.1uM_rep02,treatment,test_treatment,0.1,uM,2
plate_01,G02,G,2,test_treatment_0.1uM_rep03,treatment,test_treatment,0.1,uM,3
plate_01,G03,G,3,test_treatment_0.1uM_rep04,treatment,test_treatment,0.1,uM,4
plate_01,G04,G,4,test_treatment_0.1uM_rep05,treatment,test_treatment,0.1,uM,5
plate_01,G05,G,5,test_treatment_0.3uM_rep01,treatment,test_treatment,0.3,uM,1
plate_01,G06,G,6,test_treatment_0.3uM_rep02,treatment,test_treatment,0.3,uM,2
plate_01,G07,G,7,test_treatment_0.3uM_rep03,treatment,test_treatment,0.3,uM,3
plate_01,G08,G,8,test_treatment_0.3uM_rep04,treatment,test_treatment,0.3,uM,4
plate_01,G09,G,9,test_treatment_0.3uM_rep05,treatment,test_treatment,0.3,uM,5
plate_01,G10,G,10,test_treatment_1uM_rep01,treatment,test_treatment,1,uM,1
plate_01,G11,G,11,test_treatment_1uM_rep02,treatment,test_treatment,1,uM,2
plate_01,G12,G,12,test_treatment_1uM_rep03,treatment,test_treatment,1,uM,3
plate_01,H01,H,1,test_treatment_1uM_rep04,treatment,test_treatment,1,uM,4
plate_01,H02,H,2,test_treatment_1uM_rep05,treatment,test_treatment,1,uM,5
plate_01,H03,H,3,test_treatment_3uM_rep01,treatment,test_treatment,3,uM,1
plate_01,H04,H,4,test_treatment_3uM_rep02,treatment,test_treatment,3,uM,2
plate_01,H05,H,5,test_treatment_3uM_rep03,treatment,test_treatment,3,uM,3
plate_01,H06,H,6,test_treatment_3uM_rep04,treatment,test_treatment,3,uM,4
plate_01,H07,H,7,test_treatment_3uM_rep05,treatment,test_treatment,3,uM,5
plate_01,H08,H,8,test_treatment_10uM_rep01,treatment,test_treatment,10,uM,1
plate_01,H09,H,9,test_treatment_10uM_rep02,treatment,test_treatment,10,uM,2
plate_01,H10,H,10,test_treatment_10uM_rep03,treatment,test_treatment,10,uM,3
plate_01,H11,H,11,test_treatment_10uM_rep04,treatment,test_treatment,10,uM,4
plate_01,H12,H,12,test_treatment_10uM_rep05,treatment,test_treatment,10,uM,5
